{"generation":987,"bestWeights":[-150962.87881604175,-2828262.09450111,-590257.1059550936,-60962.03227618787,63161.19372922598,314274.3955383327,309063.2953884143,-21893.19119998089,62824.101309213554,1042921.2470592387,541617.2410337799,-103946.76979956507,946.3780559795574,-9744160.703809373,610568.4942605828,3477025.6631059167,37711.61318878686,-239860.9686080961,1967891.8537249707,-44972.84682127332,-153259.8926217755,-136048558.2545212,1303535.6673714381,72612.69353397486,50124.697307925344,-46976.64628121293,-87855.93646746354,128433.87441001555,42624.430920410545,19784.59146121363,5383298.458459013,5654875.8439239515,310767.2865950618,-5078.144832610656,-537520.8065272444,126353438.11370218,5152523.71413004,6515722.143422053,2858437.3400750305,-1076749.2715435403,-152187.99549729854,2762364.2292206404,-22213516.822851848,-15084105.740815137,-315635.3841720001,4981.673411537017,295858.90886985604,-2646154.951858261,1108723.6753781766,-746104.5224534452,-68026825.07128684,1065475.3201900763,44432.778525334885,349536.3105132933,-23923.98096858666,42462.15870780838,-415315.1495149249,-63808.657428415245,15802027.551096058,21897262.878651567,84314.77218945853,-180649964.32806212,2966750.685729456,-14073544.73658525,39836.72425826851,9738.431939034352,14832287.970846176,-95883.55545778057,316850.25061189034,13583040.209582506,-2593707.1155035635,-69000.83725184537,-1122.8705492602423,-5704.5993154550415,621272.190360644,-338975.44822149037,100.78180582525599,23380.24492320367,-4873.920035793592,-497359.10829872236,1299.3670357757312,-360691.3588528089,2602855.26776305,389301.8537846445,-888272.6637304716,-429807149.34755087,-58342381.30185485,-37418.88754545933,-190883.8900263537,-15793548.778566593,-36665.156848106984,5.252290987006377,-16160074.965342144,-15167.88522295293,-617.3727530834647,-438719173.5275139,-2381907.8317918405,-192793.92409969695,11147218.632819293,-227056.4159703678,-9126.52804360302,426753779.40825707,5713.211019087668,-1926831.4046410965,17005.34617356716,997.9889195326216,647000.1882400761,-22247.822577334893,-441558.9694557065,-173.54193528531167,-1630391.1017005353,-2659114.8024495794,542246.4814378583,-11511.367204170127,-197639.0498509328,-182591.93373303209,-461536.7010716581,-124786.5588839043,6707755.785843744,4701.547555843511,-30608825.67344846,-96749444.30768465,-3018509.2693353314,-1100703.4755083732,3976.486335615041,437163367.02603525,78875408.82339102,29058376.363496307,9029417.342107577,1865665.470394654,1774794.9530577557,33643.05629354487,-196063925.57681757,-602384.0031041034,27918846.779293217,-7864.746085437958,9422.92800929643,-2356251.6005421663,-8050540.364476678,760966.0828981189,778096.8457354844,-15255.276028550354,31702353.595902618,343736.88738491765,14020.922730868837,-18754406.789894767,349137253.6090228,396926.2453408355,166999.16678704618,7451458.751187639,-6301.529184022233,-657977.5561371611,122604.56555855951,-654615.5233304324,-2168825.830114203,10056.42803304425,-3560011.305032405,111226.53536252542,7925580.131043357,9415.144068814589,-680.4669988087564,153299.89693975984,-20766821.895329475,8610046.406898335,-232402.4569752227,-11716.092612386572,-780160365.2165046,-772613.9265562614,70646.74375606545,24609551.925901562,1912.229960724014,1452.1674081687818,16345313.110813238,-257807.55081603958,-63836.326663057895,-11611.160354781887,1966097.728348441,-1408385.993390696,109411373.13757469,-14832.891541853243,4603504.475943865,-48587108.31570883,-39487.858587455215,4892899.33264759,19420.491693326905,73747533.05733809,807487960.0865309,-22.683205655711152,52011.48228509533,-216743.71267327786,14284495.394587448,64375.55434546566,-926.9980737897291,7114689.89111057,2035.1432341178638,3481.853418793011,2151502.9467741293,1070.0355608839793,17463956.769795716,6377836.417627148,47286641.323881894,-526402.9108478446,-6704458.624003299,2892802.9593271594,394508.54768680106,-324240.2062823139,83014625.82178174,-17306.50312933518,-285674.00822059583,1582343184.073537,-20343.296923287508,2693698.658782562,8905423.687585331,-8193512.191106287,485360.6907101096,-824908244.334691,-12164.135883695426,228081.18604438053,354974.63409640413,-993134.1332381652,4656540.352144384,405818.5541896064,-5882.280566866995,-1937.658766792371,3271.617109019716,2830378.5418614615,-5617107.857354697,-193753.15329876947,-23226598.980113357,21738.3742577395,-4622545.693201747,-4265.916147213279,-11261.06066646711,2471.068252339601,-203745.30219951324,3368.672551158187,646528.6027544459,10917205.796598773,-19108437.916390378,19440.166600957637,-949067.2989764962,-678759.0094931154,29576.84904760957,3028424.1106856256,4885.631694117793,65759.24015492729,-869506.2622058163,100851.46811029418,11256321.086709484,575885.3775875826,-67129.82838266909,-625290.1734214852,2430129.772048192,-3773495.505448682,780840.2371341268,536533858.3354951,-179898.26236590548,1424441.4407538082,-6791563.486201827,7710857.760099282,-29773.13159908425,472612.81247285206,11103.5032014456,-2178653.821192219,-22628.10158875093,869.3572127209527,29929.484256791104,-421110.2517473853,-3563146.903055163,544919125.1986672,-3458242.3391732927,71428112.15565526,-53255.78171399957,58386.74425455602,154399.11640287674,-202462.06306285958,30980.19650992642,793855.2797228472,-6870143.851528603,-595845.9551531185,-928768.7478567512,-964349.3241982725,28132776.69238184,-3397.8024412597083,127301.58199546306,463158.633027938,40345040.163801536,-157870.13095336658,75457.27434705687,5954807.90439047,3207722.426422911,-14658.563092968945,1026251.1677301648,23933994.75170492,-1183201.1504330547,163926289.23409173,-129434.114448885,-2919.620101214409,-12591.867361687458,-10030946.119155923,378164.9552562123,-19472.17007118594,-864573.3543560797,-20446.42269119396,3450.3059197497305,-26560.887327837674,189123.13267428664,-20314.608800473343,-3694.707666032872,-1066.2348679535976,-1766170.52406077,1024668.5671434939,-442988.8362324004,-7230.381118686479,2690173.4353454774,-1741.0446973487435,-32711.955069548414,-3558714.2539982814,-515815.2773386405,-4908.5233254508485,-1177443.2722563075,59047777.969072245,-1374547.1102783317,-62468.55288372215,34763.27900985298,-141699.29570715458,-8130085.862310717,3985.3161036847246,463540.7277899067,450004290.74246544,356523.35578780284,114514.91170562756,2900160.695715421,5850.0832346772495,-54803.86957638491,758402.6273716216,2303993.0402018917,1305670.3467770847,7427226.511154335,136726.40461813365,59293122.06052937,-131374.77802724869,422812893.49954295,67397.1050614738,-219331.2800563545,1336.5566895838915,73618.28255946764,-109870.3838586389,81046.42295202856,-81357551.43360355,74168.50684523952,-163596.75083982383,1084.1898846701658,-34282.93477591303,107337.13137641258,-660268.0604871996,-5366010.612303641,-480106.2369948296,14416.97788890034,6966675.555891417,50706.32873858191,-640737.9455299696,-589315.0291076828,27883.662283820195,-11927.975797546374,-55442640.56338926,-23391.779740185717,-11798.196701051085,158507.8446033104,-12828.908269182806,3417841.5033724895,-1387320.9926664382,-39403.16264469101,31643.969046863996,-3142.771108860883,88324911.89494272,250922.5168594459,-527203.0353496922,121078428.71555468,-21991.211691724315,439912.4247165462,600736311.5222663,222.1361199343146,-140336.72625916242,36131.490413131345,-40.69132126695507,-19008.059357154194,-1410.5078956057944,-22378.918413295403,-739403374.3954691,77362.79124094835,-116576.67217369609,-8086643.3270702595,5172409.861164259,41596.54563446235,27126.356824335202,38844.68915437991,27491418.398359332,-6201.88819380003,-573761.7266503504,-135577742.94148943,12820.942788078,1363541.5316244103,2665352.1975153526,-41227.98919150557,-56991.29566279303,-96266401.2915011,-4098.661345973429,18446.421962540982,932747.3814765431,59341.81114277738,-656796.4596802928,-341137.4083327034,-4036348.350280676,15255017.499681883,44633306.09119152,4692766.884515611,1084106.3223132049,4847175.233542386,6423367.777150996,-3376.987958544419,-186.99716958723735,